{"cameraMode":{"drawMode":0,"name":"Shaded","section":"Shading Mode"},"sceneLighting":true,"audioPlay":false,"sceneViewState":{"m_AlwaysRefresh":false,"showFog":true,"showSkybox":true,"showFlares":true,"showImageEffects":true,"showParticleSystems":true,"showVisualEffectGraphs":true,"m_FxEnabled":false},"in2DMode":false,"pivot":{"x":-146.78298950195313,"y":7.556719779968262,"z":30.995912551879884},"rotation":{"x":0.060725629329681399,"y":0.8105530142784119,"z":-0.08542245626449585,"w":0.5762172341346741},"size":-0.0016795712290331722,"orthographic":false}